{
  "hash": "b3b6d536",
  "configHash": "cddfe43b",
  "lockfileHash": "4fdb3a5a",
  "browserHash": "b30f02da",
  "optimized": {
    "@angular/common": {
      "src": "../../../../../node_modules/@angular/common/fesm2022/common.mjs",
      "file": "@angular_common.js",
      "fileHash": "bac7b762",
      "needsInterop": false
    },
    "@angular/common/http": {
      "src": "../../../../../node_modules/@angular/common/fesm2022/http.mjs",
      "file": "@angular_common_http.js",
      "fileHash": "d5e4215e",
      "needsInterop": false
    },
    "@angular/core": {
      "src": "../../../../../node_modules/@angular/core/fesm2022/core.mjs",
      "file": "@angular_core.js",
      "fileHash": "25a93498",
      "needsInterop": false
    },
    "@angular/forms": {
      "src": "../../../../../node_modules/@angular/forms/fesm2022/forms.mjs",
      "file": "@angular_forms.js",
      "fileHash": "8d9a1d87",
      "needsInterop": false
    },
    "@angular/material-moment-adapter": {
      "src": "../../../../../node_modules/@angular/material-moment-adapter/fesm2022/material-moment-adapter.mjs",
      "file": "@angular_material-moment-adapter.js",
      "fileHash": "c5493da3",
      "needsInterop": false
    },
    "@angular/material/button": {
      "src": "../../../../../node_modules/@angular/material/fesm2022/button.mjs",
      "file": "@angular_material_button.js",
      "fileHash": "aba09352",
      "needsInterop": false
    },
    "@angular/material/core": {
      "src": "../../../../../node_modules/@angular/material/fesm2022/core.mjs",
      "file": "@angular_material_core.js",
      "fileHash": "e8b8c77d",
      "needsInterop": false
    },
    "@angular/material/datepicker": {
      "src": "../../../../../node_modules/@angular/material/fesm2022/datepicker.mjs",
      "file": "@angular_material_datepicker.js",
      "fileHash": "5f4d8038",
      "needsInterop": false
    },
    "@angular/material/dialog": {
      "src": "../../../../../node_modules/@angular/material/fesm2022/dialog.mjs",
      "file": "@angular_material_dialog.js",
      "fileHash": "f90caeb0",
      "needsInterop": false
    },
    "@angular/material/form-field": {
      "src": "../../../../../node_modules/@angular/material/fesm2022/form-field.mjs",
      "file": "@angular_material_form-field.js",
      "fileHash": "628ff23e",
      "needsInterop": false
    },
    "@angular/material/grid-list": {
      "src": "../../../../../node_modules/@angular/material/fesm2022/grid-list.mjs",
      "file": "@angular_material_grid-list.js",
      "fileHash": "7626a15c",
      "needsInterop": false
    },
    "@angular/material/icon": {
      "src": "../../../../../node_modules/@angular/material/fesm2022/icon.mjs",
      "file": "@angular_material_icon.js",
      "fileHash": "8e8012de",
      "needsInterop": false
    },
    "@angular/material/input": {
      "src": "../../../../../node_modules/@angular/material/fesm2022/input.mjs",
      "file": "@angular_material_input.js",
      "fileHash": "a3df44b7",
      "needsInterop": false
    },
    "@angular/material/paginator": {
      "src": "../../../../../node_modules/@angular/material/fesm2022/paginator.mjs",
      "file": "@angular_material_paginator.js",
      "fileHash": "7f57a34c",
      "needsInterop": false
    },
    "@angular/material/select": {
      "src": "../../../../../node_modules/@angular/material/fesm2022/select.mjs",
      "file": "@angular_material_select.js",
      "fileHash": "7cd2261b",
      "needsInterop": false
    },
    "@angular/material/snack-bar": {
      "src": "../../../../../node_modules/@angular/material/fesm2022/snack-bar.mjs",
      "file": "@angular_material_snack-bar.js",
      "fileHash": "ba934713",
      "needsInterop": false
    },
    "@angular/material/table": {
      "src": "../../../../../node_modules/@angular/material/fesm2022/table.mjs",
      "file": "@angular_material_table.js",
      "fileHash": "8c44f7ca",
      "needsInterop": false
    },
    "@angular/platform-browser": {
      "src": "../../../../../node_modules/@angular/platform-browser/fesm2022/platform-browser.mjs",
      "file": "@angular_platform-browser.js",
      "fileHash": "927fd0e7",
      "needsInterop": false
    },
    "@angular/platform-browser/animations/async": {
      "src": "../../../../../node_modules/@angular/platform-browser/fesm2022/animations/async.mjs",
      "file": "@angular_platform-browser_animations_async.js",
      "fileHash": "e8accbe8",
      "needsInterop": false
    },
    "@angular/router": {
      "src": "../../../../../node_modules/@angular/router/fesm2022/router.mjs",
      "file": "@angular_router.js",
      "fileHash": "4bc26a03",
      "needsInterop": false
    },
    "uuid": {
      "src": "../../../../../node_modules/uuid/dist/esm-browser/index.js",
      "file": "uuid.js",
      "fileHash": "3e912649",
      "needsInterop": false
    }
  },
  "chunks": {
    "browser-5VIWON73": {
      "file": "browser-5VIWON73.js"
    },
    "chunk-L5YHETGT": {
      "file": "chunk-L5YHETGT.js"
    },
    "chunk-P3HFFW2X": {
      "file": "chunk-P3HFFW2X.js"
    },
    "chunk-3IIKZRCF": {
      "file": "chunk-3IIKZRCF.js"
    },
    "chunk-N774ZVRW": {
      "file": "chunk-N774ZVRW.js"
    },
    "chunk-ZHD3ZJAW": {
      "file": "chunk-ZHD3ZJAW.js"
    },
    "chunk-C3BCIE7X": {
      "file": "chunk-C3BCIE7X.js"
    },
    "chunk-CZXT3ELH": {
      "file": "chunk-CZXT3ELH.js"
    },
    "chunk-US46YVGI": {
      "file": "chunk-US46YVGI.js"
    },
    "chunk-2TSVCESD": {
      "file": "chunk-2TSVCESD.js"
    },
    "chunk-XOBAWAYF": {
      "file": "chunk-XOBAWAYF.js"
    },
    "chunk-TP43TDKJ": {
      "file": "chunk-TP43TDKJ.js"
    },
    "chunk-KU5GSNM4": {
      "file": "chunk-KU5GSNM4.js"
    },
    "chunk-T66XYBF6": {
      "file": "chunk-T66XYBF6.js"
    },
    "chunk-PZQZAEDH": {
      "file": "chunk-PZQZAEDH.js"
    }
  }
}